customer_id,age,gender,region,education_level,employment_type,annual_income,loan_amount,loan_purpose,credit_score,repayment_history,transaction_count,spending_ratio,join_date,default_flag
1001,59.0,Male,South,Secondary,Self-Employed,932180.0,273684,Education,674.0,4,43,59.05,2018-11-27,1
1002,22.0,,South,Post-Graduate,Salaried,303355.0,116047,Car,621.0,0,68,51.49,2021-06-10,1
1003,,Male,East,Post-Graduate,Salaried,1153277.0,586488,Home,663.0,4,70,60.82,2022-12-31,1
1004,29.0,,South,Graduate,,1453617.0,304648,Car,729.0,6,79,27.32,2022-08-26,1
1005,28.0,,North,Post-Graduate,Salaried,1973415.0,898088,Business,653.0,5,82,70.54,2019-06-20,1
1006,54.0,,North,Primary,Self-Employed,1784398.0,566706,Business,,4,99,64.84,2022-04-23,1
1007,44.0,Male,South,Secondary,Self-Employed,1485160.0,444300,Home,,0,27,20.33,2022-03-23,0
1008,31.0,Female,East,Graduate,Self-Employed,212666.0,88273,Car,,0,91,46.97,2021-06-04,0
1009,53.0,Male,South,Graduate,Salaried,689570.0,251577,Business,634.0,4,66,62.79,2018-09-15,1
1010,21.0,Male,West,Post-Graduate,Salaried,1894490.0,864881,Car,641.0,2,82,73.75,2020-03-22,1
1011,52.0,Male,East,Primary,Self-Employed,1446862.0,487996,Car,759.0,2,47,75.78,2022-03-03,0
1012,26.0,Male,West,Primary,Self-Employed,1401482.0,382958,Business,816.0,0,20,33.68,2018-06-20,0
1013,33.0,Male,South,Primary,Self-Employed,1998792.0,1230179,Business,833.0,6,78,39.39,2021-12-24,1
1014,52.0,Male,East,Graduate,Salaried,,364877,Home,638.0,0,75,22.21,2018-08-09,1
1015,22.0,Male,North,Graduate,Salaried,469536.0,285676,Car,652.0,5,51,55.56,2018-10-10,1
1016,31.0,Male,North,Post-Graduate,Unemployed,568452.0,329769,Education,738.0,0,92,39.25,2020-05-28,0
1017,26.0,Female,North,Primary,Salaried,312547.0,158541,Education,746.0,6,71,76.43,2022-11-06,1
1018,,Male,South,Secondary,Salaried,1025816.0,538418,Home,641.0,3,35,69.03,2021-12-29,1
1019,,,North,Post-Graduate,Self-Employed,1540575.0,621495,Home,698.0,2,39,73.23,2020-12-05,0
1020,53.0,Male,North,Secondary,Salaried,701157.0,384522,Car,711.0,2,44,20.3,2022-12-04,0
1021,38.0,Male,West,Primary,,818467.0,280201,Home,620.0,6,86,59.46,2021-02-28,1
1022,53.0,Female,North,Post-Graduate,Self-Employed,1648685.0,1298068,Business,650.0,2,46,67.69,2021-03-30,1
1023,50.0,Female,East,Primary,Unemployed,1079611.0,397797,Car,634.0,0,63,76.43,2022-05-20,1
1024,49.0,Female,North,Primary,Self-Employed,611927.0,325336,Education,,0,82,38.34,2020-03-15,0
1025,52.0,Male,West,Post-Graduate,Salaried,889944.0,628770,Home,666.0,1,51,60.27,2021-05-15,1
1026,43.0,Female,North,Primary,Unemployed,397392.0,112053,Home,845.0,4,61,68.56,2020-01-22,1
1027,55.0,Female,South,Graduate,Salaried,1497286.0,1016622,Home,664.0,5,35,23.05,2020-03-09,1
1028,43.0,Female,East,Graduate,Self-Employed,849150.0,407047,Education,,5,77,71.62,2022-03-26,1
1029,26.0,Female,West,Post-Graduate,Salaried,1197639.0,394613,Home,604.0,5,66,61.97,2019-12-27,1
1030,,Female,North,Post-Graduate,Salaried,1335248.0,614364,Business,657.0,4,81,70.16,2018-10-17,1
1031,29.0,Male,East,Graduate,,1243233.0,318670,Car,688.0,4,20,77.29,2019-03-08,1
1032,59.0,Male,North,Primary,Self-Employed,1715458.0,709485,Car,828.0,4,97,25.51,2021-04-13,1
1033,50.0,Female,East,Primary,Self-Employed,964121.0,659601,Education,699.0,5,42,22.88,2019-01-06,1
1034,25.0,Male,North,Secondary,Salaried,1620946.0,1157183,Home,668.0,6,21,21.59,2022-02-21,1
1035,,Female,East,Primary,Salaried,1152699.0,791584,Education,,2,84,77.67,2023-06-14,0
1036,30.0,Male,South,Primary,Salaried,1514093.0,388615,Business,634.0,1,27,43.12,2020-01-06,1
1037,30.0,Female,West,Primary,Salaried,203267.0,83136,Home,674.0,3,40,78.05,2021-06-24,1
1038,56.0,Female,West,Secondary,Unemployed,1362928.0,377004,Home,840.0,6,81,53.71,2021-01-01,1
1039,32.0,Female,East,Secondary,Self-Employed,614568.0,319941,Car,683.0,5,32,73.73,2021-03-18,1
1040,56.0,,North,Post-Graduate,Salaried,,245967,Car,651.0,6,35,46.91,2023-03-21,1
1041,55.0,Female,South,Secondary,Salaried,1891188.0,1274227,Business,,1,58,79.76,2020-08-15,0
1042,25.0,Female,North,Primary,Self-Employed,1876014.0,1232365,Car,835.0,5,26,45.57,2019-10-27,1
1043,29.0,Female,West,Post-Graduate,Salaried,1767908.0,970198,Car,708.0,3,36,76.83,2018-04-08,0
1044,45.0,Male,West,Graduate,Self-Employed,1152082.0,616412,Car,690.0,2,58,46.07,2022-12-29,0
1045,33.0,Female,North,Post-Graduate,Self-Employed,651015.0,383790,Business,600.0,3,81,44.01,2021-09-28,1
1046,45.0,Male,North,Post-Graduate,,,346764,Business,646.0,5,94,75.15,2021-09-20,1
1047,56.0,,East,Secondary,Self-Employed,217640.0,81984,Business,600.0,5,22,74.07,2023-03-16,1
1048,31.0,,South,Secondary,Unemployed,588043.0,236038,Business,721.0,1,27,41.2,2022-09-15,0
1049,48.0,,North,Secondary,,1951541.0,717890,Home,844.0,3,48,27.99,2022-10-06,0
1050,55.0,,South,Primary,Self-Employed,,370285,Home,841.0,4,52,66.66,2022-12-07,1
1051,,Male,West,Graduate,Self-Employed,335230.0,233822,Education,776.0,1,20,20.82,2018-05-06,0
1052,26.0,Female,East,Post-Graduate,Self-Employed,542786.0,358994,Education,764.0,2,36,34.47,2023-06-18,0
1053,29.0,,North,Graduate,Self-Employed,746237.0,488187,Business,633.0,6,45,49.89,2023-01-18,1
1054,23.0,Female,South,Post-Graduate,Self-Employed,1879748.0,1269000,Education,744.0,6,42,65.31,2020-02-15,1
1055,41.0,Female,East,Secondary,,527359.0,216403,Car,697.0,6,70,74.25,2020-12-28,1
1056,58.0,,East,Primary,Salaried,907689.0,698659,Home,731.0,0,93,66.14,2019-01-08,0
1057,40.0,,South,Post-Graduate,Self-Employed,794124.0,435013,Car,802.0,0,42,27.68,2020-01-15,0
1058,51.0,Female,North,Primary,Salaried,1112259.0,820928,Home,794.0,1,80,31.54,2022-05-19,0
1059,39.0,Male,West,Secondary,Salaried,485205.0,132160,Business,832.0,5,53,27.72,2021-11-04,1
1060,46.0,Male,East,Post-Graduate,Self-Employed,1422869.0,1030366,Home,662.0,0,45,72.1,2022-02-21,1
1061,28.0,Male,West,Post-Graduate,Salaried,,189789,Education,817.0,5,21,64.85,2019-09-19,1
1062,34.0,Male,East,Post-Graduate,Self-Employed,1069270.0,555237,Car,836.0,5,34,26.29,2018-02-08,1
1063,57.0,Female,East,Post-Graduate,Unemployed,1648021.0,448026,Home,744.0,0,87,41.31,2023-01-20,0
1064,38.0,Female,East,Primary,Self-Employed,1584199.0,853368,Home,641.0,5,71,58.76,2020-08-31,1
1065,54.0,Female,North,Post-Graduate,Salaried,621240.0,162186,Education,797.0,3,94,25.27,2018-10-01,0
1066,50.0,Female,West,Secondary,Salaried,618034.0,382054,Education,751.0,1,94,71.93,2022-07-03,0
1067,,Female,South,Secondary,Self-Employed,,50846,Car,802.0,2,64,66.17,2022-07-18,0
1068,,Female,West,Secondary,Salaried,1949523.0,524230,Car,689.0,5,56,50.37,2022-02-25,1
1069,56.0,Female,North,Primary,Salaried,914743.0,217731,Education,771.0,1,84,28.33,2021-04-10,0
1070,29.0,Female,South,Graduate,Self-Employed,1144118.0,302069,Car,668.0,3,69,27.46,2019-07-03,1
1071,,Male,West,Graduate,Salaried,1909351.0,436967,Business,692.0,0,33,67.97,2020-08-28,0
1072,55.0,Female,West,Primary,Self-Employed,,198056,Car,836.0,1,59,47.12,2020-10-16,0
1073,34.0,Female,East,Primary,Self-Employed,1351550.0,458618,Home,824.0,1,97,24.0,2021-11-22,0
1074,59.0,,South,Graduate,Self-Employed,1738601.0,1176015,Business,756.0,5,46,67.32,2018-07-10,1
1075,58.0,Female,North,Primary,Self-Employed,464480.0,251717,Car,609.0,1,57,52.19,2020-09-04,1
1076,56.0,Female,South,Primary,Self-Employed,1530823.0,516730,Car,675.0,2,55,52.56,2021-12-03,1
1077,47.0,Male,West,Post-Graduate,,1849189.0,839824,Home,,3,32,28.35,2019-10-17,0
1078,38.0,Male,North,Graduate,Unemployed,895275.0,553271,Car,719.0,6,50,56.4,2022-07-02,1
1079,49.0,Female,South,Graduate,,1283136.0,1014838,Business,709.0,6,76,39.93,2019-07-29,1
1080,35.0,Male,North,Secondary,Salaried,711411.0,399978,Home,634.0,0,94,75.38,2023-01-30,1
1081,27.0,Female,South,Graduate,Self-Employed,766202.0,217995,Business,751.0,3,89,22.03,2019-10-13,0
1082,53.0,Female,North,Graduate,Self-Employed,1914331.0,974593,Business,,0,39,44.88,2019-11-25,0
1083,48.0,Male,South,Secondary,Salaried,1774623.0,1153462,Education,722.0,5,51,48.09,2022-08-30,1
1084,49.0,Female,West,Primary,Salaried,788365.0,407260,Business,845.0,1,57,65.92,2020-01-26,0
1085,24.0,Female,West,Secondary,,1327199.0,980081,Business,761.0,6,74,29.37,2019-09-19,1
1086,27.0,Male,North,Secondary,Salaried,705815.0,355240,Business,671.0,6,86,73.25,2021-01-22,1
1087,48.0,Male,South,Graduate,Salaried,625037.0,427594,Home,743.0,4,73,32.3,2020-09-09,1
1088,51.0,Male,North,Secondary,Self-Employed,478176.0,103247,Home,724.0,4,79,62.24,2019-12-13,1
1089,21.0,Male,North,Secondary,Salaried,1479361.0,326253,Home,619.0,5,28,46.17,2022-04-20,1
1090,,Female,North,Graduate,Salaried,1505289.0,1191015,Car,814.0,0,33,64.5,2023-01-26,0
1091,22.0,Male,South,Primary,Salaried,,288009,Home,628.0,6,56,21.1,2018-04-03,1
1092,38.0,Female,South,Primary,Self-Employed,1406305.0,830918,Education,721.0,4,46,74.0,2018-05-17,1
1093,26.0,Male,West,Primary,Self-Employed,772212.0,578114,Business,753.0,5,65,22.82,2018-08-20,1
1094,21.0,Female,West,Graduate,Salaried,781780.0,361429,Business,763.0,6,73,48.56,2020-08-18,1
1095,,Female,East,Primary,Salaried,1454126.0,810016,Business,834.0,2,92,66.25,2021-02-05,0
1096,29.0,Female,North,Post-Graduate,Self-Employed,1978602.0,941436,Education,634.0,4,63,78.06,2020-04-02,1
1097,58.0,Male,South,Graduate,Salaried,,464736,Education,673.0,0,66,25.2,2018-10-10,1
1098,36.0,Female,South,Graduate,Unemployed,594966.0,346471,Education,799.0,0,31,33.27,2019-08-18,0
1099,46.0,Female,West,Primary,Salaried,,193254,Education,625.0,1,26,22.04,2022-01-02,1
1100,27.0,,West,Primary,,1998870.0,1293346,Home,715.0,1,78,69.73,2018-08-08,0
1101,37.0,Male,South,Primary,Self-Employed,650348.0,401767,Education,767.0,6,58,38.92,2018-10-12,1
1102,24.0,Male,South,Primary,Self-Employed,1211727.0,879712,Car,793.0,1,53,21.28,2020-10-03,0
1103,33.0,,South,Secondary,Self-Employed,1812838.0,419871,Education,840.0,4,76,54.85,2019-09-01,1
1104,30.0,Male,North,Post-Graduate,Self-Employed,1652608.0,440063,Business,741.0,1,87,62.93,2018-09-11,0
1105,57.0,Male,South,Secondary,,366472.0,159407,Education,795.0,1,56,67.18,2021-08-06,0
1106,,Female,West,Post-Graduate,Self-Employed,1933693.0,580534,Home,651.0,3,82,33.83,2021-05-20,1
1107,30.0,Male,East,Post-Graduate,Salaried,1226553.0,502978,Business,604.0,6,68,51.1,2021-11-24,1
1108,,Male,West,Graduate,Salaried,,467794,Education,759.0,4,92,73.7,2021-03-16,1
1109,57.0,Female,East,Secondary,Salaried,717083.0,162509,Home,825.0,0,98,59.31,2022-03-12,0
1110,25.0,Male,South,Primary,Salaried,1056101.0,669623,Business,689.0,4,79,26.57,2023-02-04,1
1111,48.0,Female,West,Secondary,Self-Employed,706079.0,525257,Car,666.0,1,59,53.94,2022-03-03,1
1112,53.0,Female,South,Primary,Self-Employed,690042.0,431288,Business,706.0,4,61,26.35,2018-08-23,1
1113,47.0,Male,North,Primary,Unemployed,1323129.0,962500,Home,769.0,2,72,64.61,2019-05-08,0
1114,51.0,Female,North,Primary,Self-Employed,1864523.0,694018,Home,645.0,0,36,26.95,2019-01-08,1
1115,54.0,Female,South,Graduate,Self-Employed,402053.0,84855,Home,,6,47,57.96,2020-09-01,1
1116,50.0,Female,South,Post-Graduate,Salaried,1687331.0,642161,Home,616.0,0,29,48.41,2018-07-02,1
1117,42.0,Male,North,Post-Graduate,Unemployed,1679359.0,785226,Business,826.0,3,26,23.94,2019-01-17,0
1118,53.0,Female,South,Graduate,Self-Employed,1015673.0,299992,Home,,0,32,71.25,2018-07-08,0
1119,35.0,Female,East,Primary,Salaried,1702337.0,575444,Business,802.0,0,75,45.94,2022-10-26,0
1120,,Female,West,Secondary,,1610706.0,1273080,Education,600.0,5,34,64.75,2020-10-13,1
1121,55.0,Female,South,Primary,Salaried,631374.0,332064,Business,659.0,0,72,29.22,2019-01-02,1
1122,47.0,Female,North,Primary,Self-Employed,1855743.0,1386428,Business,721.0,5,34,48.89,2018-06-17,1
1123,34.0,Female,South,Secondary,Salaried,1519432.0,752053,Home,662.0,4,21,67.85,2019-07-14,1
1124,,Male,West,Graduate,Self-Employed,1406237.0,686192,Home,694.0,2,64,65.42,2019-08-14,0
1125,,Female,South,Post-Graduate,Self-Employed,1979240.0,1567553,Car,759.0,5,39,40.76,2021-11-24,1
1126,,Male,South,Graduate,Self-Employed,1098792.0,241648,Car,715.0,6,85,78.65,2021-10-09,1
1127,46.0,Female,North,Post-Graduate,Salaried,209078.0,161184,Car,660.0,5,28,76.17,2018-04-25,1
1128,59.0,Male,West,Secondary,,564359.0,384349,Home,661.0,6,26,59.65,2022-03-17,1
1129,36.0,Female,West,Graduate,Self-Employed,298818.0,89167,Business,613.0,5,31,34.83,2022-11-24,1
1130,33.0,Female,West,Post-Graduate,Salaried,794604.0,535419,Business,782.0,3,89,63.15,2023-03-12,0
1131,42.0,Female,East,Graduate,Self-Employed,1590281.0,528508,Business,781.0,0,26,47.76,2020-10-16,0
1132,,Male,West,Post-Graduate,Unemployed,1689700.0,714106,Car,619.0,1,68,50.84,2019-10-23,1
1133,56.0,Male,East,Graduate,Self-Employed,,436821,Education,638.0,2,77,74.74,2020-02-17,1
1134,32.0,Female,South,Post-Graduate,Unemployed,1144994.0,507445,Car,821.0,3,33,78.28,2021-02-23,0
1135,57.0,Female,North,Primary,Salaried,820347.0,455908,Business,830.0,1,89,59.13,2020-12-25,0
1136,,Male,South,Post-Graduate,Self-Employed,344832.0,96044,Car,644.0,6,30,73.02,2021-10-10,1
1137,34.0,Male,South,Graduate,Self-Employed,1268392.0,442958,Business,,0,83,41.56,2021-09-05,0
1138,48.0,Female,South,Graduate,Self-Employed,292324.0,182185,Home,655.0,6,25,32.35,2019-01-17,1
1139,40.0,Male,South,Primary,Self-Employed,553299.0,323127,Car,634.0,4,78,38.97,2019-08-17,1
1140,34.0,Male,South,Post-Graduate,Self-Employed,445546.0,175490,Education,628.0,6,75,50.94,2018-11-01,1
1141,43.0,Male,South,Secondary,Salaried,1543276.0,1178895,Business,723.0,1,20,63.85,2020-06-12,0
1142,49.0,Female,North,Primary,Salaried,1244257.0,979452,Car,770.0,1,36,69.85,2019-02-21,0
1143,32.0,Female,West,Secondary,,301376.0,179418,Home,652.0,0,81,59.47,2022-05-21,1
1144,26.0,Female,North,Graduate,,882568.0,329384,Business,802.0,4,23,60.06,2023-06-13,1
1145,,Female,South,Post-Graduate,Salaried,1266348.0,344605,Business,653.0,4,34,57.81,2019-04-21,1
1146,27.0,Male,East,Primary,Self-Employed,1463008.0,620243,Business,771.0,2,91,60.09,2019-07-30,0
1147,30.0,Female,East,Post-Graduate,Self-Employed,1517191.0,739644,Car,716.0,0,31,28.94,2021-06-13,0
1148,57.0,Female,East,Graduate,Salaried,620182.0,391256,Business,722.0,4,42,45.85,2021-10-18,1
1149,36.0,Female,North,Graduate,Salaried,1388554.0,441966,Home,740.0,1,97,49.15,2019-09-06,0
1150,,Female,North,Post-Graduate,Self-Employed,1363369.0,858500,Car,,1,94,27.39,2022-02-17,0
1151,30.0,Male,South,Post-Graduate,Salaried,1993961.0,1496769,Business,683.0,6,73,53.01,2020-07-09,1
1152,33.0,Female,East,Primary,Unemployed,425160.0,249978,Education,815.0,4,61,74.0,2023-01-01,1
1153,36.0,Male,East,Post-Graduate,Salaried,305111.0,138594,Home,801.0,2,55,28.98,2019-01-02,0
1154,25.0,Female,North,Secondary,Unemployed,1066964.0,228525,Education,742.0,6,51,58.28,2023-03-22,1
1155,29.0,Female,South,Secondary,Self-Employed,742015.0,457887,Business,666.0,4,58,63.47,2022-10-14,1
1156,,Male,North,Post-Graduate,Salaried,1135129.0,843758,Education,708.0,4,55,31.51,2020-02-24,1
1157,28.0,Male,South,Primary,Self-Employed,316492.0,76137,Home,604.0,4,27,72.8,2023-02-16,1
1158,23.0,Male,North,Primary,Salaried,429189.0,183300,Car,701.0,1,49,40.01,2020-11-12,0
1159,42.0,,East,Secondary,Salaried,472670.0,142881,Education,705.0,0,74,65.37,2021-04-16,0
1160,37.0,,West,Graduate,Self-Employed,1067869.0,469424,Home,703.0,3,84,70.52,2018-12-13,0
1161,41.0,Male,North,Graduate,Self-Employed,1368544.0,689887,Education,843.0,5,55,38.19,2021-06-02,1
1162,22.0,Male,West,Post-Graduate,Salaried,1696906.0,624159,Business,753.0,6,25,75.16,2019-09-29,1
1163,,Female,North,Primary,Salaried,1085296.0,749364,Home,634.0,1,49,63.29,2023-03-31,1
1164,23.0,Male,West,Graduate,Salaried,836308.0,244431,Business,762.0,3,29,69.35,2022-11-29,0
1165,45.0,Male,West,Post-Graduate,Self-Employed,362624.0,238927,Education,724.0,2,60,69.51,2019-02-13,0
1166,33.0,Male,South,Post-Graduate,Salaried,1920856.0,476332,Home,,3,32,76.19,2018-04-08,0
1167,40.0,Male,East,Secondary,Self-Employed,1135772.0,637772,Car,750.0,2,24,66.85,2019-02-13,0
1168,30.0,Female,East,Secondary,Self-Employed,1733854.0,1370104,Car,682.0,4,92,66.96,2022-06-12,1
1169,27.0,Male,East,Primary,Self-Employed,693158.0,235387,Business,723.0,3,55,51.62,2018-09-30,0
1170,59.0,Female,South,Primary,Self-Employed,1347647.0,566895,Car,691.0,6,24,20.66,2019-03-12,1
1171,22.0,Male,South,Primary,Self-Employed,702420.0,198269,Car,766.0,4,72,68.09,2021-11-20,1
1172,52.0,Male,South,Primary,Self-Employed,1384446.0,497862,Car,716.0,3,53,39.48,2018-06-22,0
1173,38.0,Male,North,Primary,Salaried,1505129.0,1106647,Car,704.0,0,60,61.29,2018-09-07,0
1174,49.0,,East,Primary,Salaried,1955367.0,1138651,Car,633.0,5,91,33.62,2019-03-10,1
1175,37.0,Female,North,Secondary,Salaried,,203686,Home,700.0,0,62,59.54,2021-09-19,0
1176,44.0,Male,South,Primary,Self-Employed,1867303.0,705693,Car,,2,26,67.03,2022-07-27,0
1177,25.0,Female,South,Graduate,Salaried,621486.0,485204,Home,822.0,0,92,42.92,2020-12-19,0
1178,23.0,Female,South,Post-Graduate,Self-Employed,,398349,Home,713.0,3,31,48.46,2018-07-03,0
1179,22.0,Female,North,Post-Graduate,Self-Employed,1258079.0,369853,Education,609.0,1,74,25.7,2022-11-24,1
1180,34.0,Female,South,Secondary,,607507.0,193480,Business,773.0,4,51,39.02,2020-08-10,1
1181,59.0,,North,Primary,Salaried,883404.0,695272,Education,645.0,6,42,59.37,2020-11-07,1
1182,31.0,Female,North,Graduate,Salaried,223387.0,66767,Car,628.0,3,46,77.91,2018-12-11,1
1183,35.0,Female,North,Secondary,Self-Employed,1252330.0,809073,Business,602.0,2,42,61.33,2019-04-21,1
1184,59.0,Female,West,Primary,Self-Employed,1074631.0,220943,Business,728.0,2,84,36.67,2021-10-15,0
1185,55.0,Female,South,Graduate,Salaried,1907017.0,1314070,Car,818.0,0,32,52.32,2020-12-16,0
1186,56.0,Female,South,Secondary,Salaried,751120.0,488023,Home,780.0,2,35,28.93,2023-01-18,0
1187,26.0,,East,Primary,Salaried,1782460.0,1191110,Car,845.0,4,73,61.74,2022-02-18,1
1188,41.0,Male,South,Post-Graduate,Salaried,1132883.0,820838,Business,820.0,4,99,33.53,2021-08-21,1
1189,24.0,Female,West,Post-Graduate,Self-Employed,607442.0,422190,Home,648.0,2,41,61.72,2019-03-18,1
1190,32.0,Female,West,Primary,Self-Employed,969727.0,411239,Education,693.0,6,37,42.29,2022-05-20,1
1191,48.0,,South,Secondary,,802272.0,466686,Home,839.0,6,89,79.47,2018-01-10,1
1192,31.0,,South,Graduate,Salaried,716595.0,287144,Business,804.0,5,89,51.08,2020-11-09,1
1193,39.0,Male,North,Post-Graduate,Unemployed,787100.0,384532,Business,748.0,4,89,57.87,2019-03-15,1
1194,,,South,Primary,Self-Employed,1030051.0,304220,Home,659.0,0,50,75.36,2022-09-14,1
1195,,Male,West,Secondary,Salaried,864917.0,301153,Education,819.0,1,99,42.27,2022-01-03,0
1196,51.0,Female,East,Primary,Salaried,1344620.0,306439,Education,,0,40,51.95,2022-12-21,0
1197,53.0,Male,North,Post-Graduate,Salaried,315359.0,245360,Education,742.0,4,61,69.67,2022-08-25,1
1198,34.0,,West,Graduate,Salaried,1771970.0,557664,Business,648.0,0,31,40.97,2023-02-12,1
1199,53.0,Male,East,Secondary,Salaried,329350.0,173588,Home,751.0,1,47,63.37,2019-04-16,0
1200,59.0,Female,East,Post-Graduate,Salaried,1457669.0,666414,Education,,0,85,25.85,2020-08-06,0
1201,36.0,Female,West,Secondary,Self-Employed,1322647.0,353360,Business,658.0,2,82,49.84,2023-04-26,1
1202,52.0,Male,South,Primary,Salaried,1934509.0,407731,Home,831.0,5,33,34.33,2019-01-27,1
1203,48.0,Male,East,Graduate,Salaried,475709.0,175754,Education,641.0,5,58,59.41,2018-11-29,1
1204,45.0,Male,South,Graduate,Self-Employed,1474634.0,757958,Car,751.0,0,55,36.59,2021-02-15,0
1205,28.0,Male,North,Post-Graduate,,1548711.0,725666,Business,797.0,6,99,71.43,2023-04-07,1
1206,23.0,Male,North,Primary,Self-Employed,1726912.0,722222,Home,759.0,2,23,67.92,2020-12-09,0
1207,39.0,Female,West,Primary,Self-Employed,,81852,Car,718.0,5,32,39.38,2023-05-28,1
1208,48.0,Male,North,Post-Graduate,Salaried,1920090.0,491194,Car,795.0,1,45,24.76,2018-11-24,0
1209,,Male,North,Post-Graduate,Salaried,1227557.0,768629,Business,,1,66,59.1,2022-11-30,0
1210,29.0,Female,East,Post-Graduate,Unemployed,1261339.0,437185,Home,755.0,5,52,34.39,2018-05-27,1
1211,54.0,Female,North,Secondary,Self-Employed,1353976.0,739744,Business,616.0,2,34,35.24,2018-02-15,1
1212,53.0,Female,West,Secondary,Salaried,1454311.0,885677,Home,797.0,3,20,70.22,2020-04-25,0
1213,43.0,Male,South,Primary,Unemployed,1049710.0,343870,Business,826.0,4,65,65.55,2021-09-30,1
1214,56.0,Female,South,Graduate,Self-Employed,1960462.0,1459205,Business,818.0,2,65,47.62,2022-09-29,0
1215,56.0,Male,North,Secondary,Self-Employed,664894.0,301548,Car,624.0,5,45,77.97,2021-04-15,1
1216,42.0,Male,East,Secondary,,439017.0,308925,Business,,6,92,38.29,2018-05-10,1
1217,39.0,Male,North,Secondary,Self-Employed,935036.0,334733,Car,608.0,3,33,55.9,2022-12-30,1
1218,55.0,Female,South,Post-Graduate,Self-Employed,,440919,Business,601.0,5,60,79.34,2021-08-23,1
1219,36.0,Female,West,Post-Graduate,Salaried,1433954.0,965763,Business,812.0,4,67,69.88,2019-01-26,1
1220,23.0,Female,West,Post-Graduate,Self-Employed,1294979.0,309256,Business,823.0,4,66,24.93,2022-12-25,1
1221,32.0,Male,West,Graduate,Salaried,1376371.0,776622,Car,650.0,0,48,58.38,2021-08-26,1
1222,27.0,Male,South,Post-Graduate,Self-Employed,470914.0,362753,Business,761.0,0,20,36.14,2020-10-25,0
1223,58.0,Male,West,Graduate,Salaried,1597515.0,1189235,Car,810.0,0,76,39.88,2023-06-05,0
1224,55.0,Female,West,Graduate,Salaried,402416.0,81812,Education,645.0,2,39,26.48,2019-04-17,1
1225,46.0,Male,East,Secondary,Salaried,1542057.0,1170501,Car,608.0,0,60,69.09,2023-04-27,1
1226,41.0,Female,West,Secondary,Unemployed,1842892.0,418174,Education,738.0,5,64,43.67,2022-01-15,1
1227,39.0,,East,Secondary,Self-Employed,1451772.0,1007927,Car,,4,27,71.77,2022-04-28,1
1228,43.0,Female,West,Graduate,Salaried,267411.0,71851,Home,821.0,3,38,55.78,2022-04-06,0
1229,,Male,North,Graduate,Salaried,,479852,Car,704.0,2,94,55.92,2019-06-27,0
1230,34.0,,South,Primary,Self-Employed,901979.0,525606,Car,,5,22,52.04,2020-12-08,1
1231,22.0,Male,North,Post-Graduate,Salaried,889984.0,391255,Car,700.0,0,44,63.75,2019-05-23,0
1232,58.0,Female,South,Secondary,Self-Employed,694178.0,364804,Home,829.0,3,51,69.35,2023-05-31,0
1233,48.0,Female,East,Primary,Salaried,215434.0,91064,Business,656.0,3,52,51.55,2023-04-13,1
1234,54.0,Male,North,Secondary,Salaried,1007744.0,294942,Home,756.0,1,54,40.44,2022-02-06,0
1235,51.0,Female,East,Graduate,Salaried,1533572.0,1081220,Education,,0,50,61.3,2022-08-08,0
1236,25.0,,South,Graduate,Self-Employed,401260.0,89640,Home,,2,70,21.4,2021-06-23,0
1237,35.0,Male,South,Secondary,Unemployed,,58036,Business,634.0,3,37,69.6,2018-03-17,1
1238,49.0,,North,Primary,Salaried,,485477,Business,,0,68,51.94,2020-06-16,0
1239,42.0,Female,North,Primary,Salaried,864929.0,273987,Business,840.0,6,40,77.99,2020-10-03,1
1240,59.0,Male,South,Secondary,Self-Employed,1067964.0,614870,Car,738.0,4,36,64.07,2022-12-11,1
1241,38.0,Female,South,Post-Graduate,Self-Employed,802276.0,231689,Car,604.0,3,38,27.94,2022-06-03,1
1242,,Female,East,Secondary,Self-Employed,1661387.0,1075774,Car,830.0,0,75,36.55,2020-02-24,0
1243,,,West,Post-Graduate,Self-Employed,1963947.0,1410366,Car,782.0,5,94,32.19,2021-12-15,1
1244,44.0,Female,South,Primary,,760881.0,560519,Home,818.0,2,66,65.87,2022-11-27,0
1245,24.0,Female,West,Post-Graduate,,1873031.0,868130,Home,712.0,2,82,73.01,2020-02-01,0
1246,25.0,Female,East,Primary,,514063.0,389430,Home,813.0,5,29,28.07,2020-07-23,1
1247,41.0,Female,South,Primary,Salaried,1298423.0,877781,Home,,1,90,20.14,2022-10-13,0
1248,23.0,Female,West,Primary,Self-Employed,1368932.0,1043474,Car,787.0,6,20,70.76,2018-06-27,1
1249,22.0,Male,East,Post-Graduate,Self-Employed,462093.0,205291,Education,701.0,2,33,68.49,2018-03-15,0
1250,52.0,,West,Post-Graduate,Self-Employed,1270607.0,340216,Education,761.0,5,79,28.71,2019-03-06,1
1251,46.0,Male,East,Primary,Salaried,1242726.0,466654,Education,719.0,2,72,70.53,2022-04-10,0
1252,37.0,,West,Secondary,Self-Employed,1884532.0,1235813,Education,630.0,6,51,46.96,2021-05-29,1
1253,30.0,Female,North,Post-Graduate,Self-Employed,1916081.0,1204010,Education,843.0,6,41,53.8,2022-06-17,1
1254,24.0,Female,West,Graduate,Salaried,687030.0,500979,Business,847.0,2,95,44.15,2021-10-12,0
1255,51.0,Female,North,Graduate,Self-Employed,1162261.0,276169,Car,649.0,5,88,76.43,2021-12-11,1
1256,,Female,East,Secondary,Salaried,384456.0,149172,Car,,2,32,45.34,2020-04-08,0
1257,26.0,,East,Post-Graduate,Salaried,232441.0,125233,Business,659.0,6,29,28.35,2021-07-31,1
1258,41.0,Female,East,Post-Graduate,,1469611.0,890091,Business,624.0,4,31,79.97,2019-10-03,1
1259,37.0,,West,Secondary,Self-Employed,680808.0,181494,Business,805.0,0,90,66.05,2022-09-29,0
1260,38.0,Male,West,Post-Graduate,Self-Employed,491464.0,237558,Home,783.0,3,64,22.16,2018-10-28,0
1261,29.0,Female,North,Secondary,Self-Employed,,370427,Home,748.0,5,73,54.75,2019-09-22,1
1262,41.0,Male,East,Primary,Salaried,990645.0,521360,Home,646.0,5,32,42.75,2020-09-14,1
1263,44.0,Female,West,Primary,,937954.0,415113,Business,,3,43,63.49,2018-01-16,0
1264,,Female,North,Graduate,Self-Employed,1662099.0,598939,Home,808.0,1,95,27.53,2018-09-09,0
1265,50.0,Male,East,Secondary,Self-Employed,492575.0,327013,Business,785.0,0,31,20.08,2019-02-10,0
1266,56.0,Female,East,Secondary,Self-Employed,579039.0,387909,Business,816.0,4,78,38.17,2022-10-20,1
1267,23.0,,West,Secondary,Self-Employed,1301004.0,630057,Business,817.0,0,24,51.84,2022-02-10,0
1268,40.0,,East,Graduate,Salaried,1880912.0,597189,Business,705.0,0,29,38.91,2023-06-02,0
1269,39.0,Female,East,Graduate,Self-Employed,1517726.0,540223,Education,,5,73,48.2,2018-09-30,1
1270,51.0,Male,South,Secondary,Salaried,324932.0,109875,Home,847.0,1,57,51.78,2022-04-25,0
1271,35.0,,West,Secondary,,1501893.0,1027564,Education,809.0,5,32,47.52,2018-08-02,1
1272,23.0,Male,North,Primary,Salaried,948778.0,267744,Education,674.0,2,47,59.55,2020-11-09,1
1273,36.0,Female,East,Primary,Self-Employed,,401224,Business,675.0,0,37,55.61,2022-08-09,1
1274,58.0,,North,Graduate,Salaried,692402.0,285979,Business,,4,99,78.64,2019-04-13,1
1275,28.0,Female,North,Primary,Self-Employed,1359662.0,645758,Home,680.0,1,63,20.73,2019-12-03,0
1276,30.0,Male,East,Secondary,Self-Employed,481854.0,160575,Business,703.0,2,41,45.72,2020-08-01,0
1277,49.0,Female,East,Graduate,Salaried,1534536.0,1218501,Education,,0,90,42.3,2020-05-08,0
1278,40.0,Male,West,Primary,Salaried,326310.0,135181,Education,,4,72,41.51,2022-11-05,1
1279,24.0,,South,Post-Graduate,Unemployed,1278675.0,643908,Education,802.0,4,84,30.51,2021-02-21,1
1280,54.0,Male,South,Primary,Self-Employed,1960511.0,1074464,Car,698.0,2,38,28.63,2020-09-05,0
1281,27.0,,West,Graduate,Unemployed,261844.0,181692,Business,683.0,3,27,31.17,2023-01-12,0
1282,39.0,Male,East,Post-Graduate,Self-Employed,614170.0,469514,Business,764.0,6,43,69.6,2018-10-17,1
1283,56.0,Female,South,Primary,Self-Employed,1178754.0,563416,Business,780.0,6,88,43.51,2018-09-23,1
1284,26.0,,North,Secondary,Salaried,1595796.0,539777,Business,778.0,3,95,33.46,2020-10-21,0
1285,56.0,Female,West,Post-Graduate,Self-Employed,1044081.0,721267,Home,711.0,5,76,42.26,2021-10-28,1
1286,,Female,North,Graduate,Salaried,1513428.0,648373,Business,846.0,1,51,30.04,2020-08-09,0
1287,29.0,Female,North,Post-Graduate,Self-Employed,1841232.0,695867,Business,752.0,4,84,62.51,2018-06-16,1
1288,,Male,North,Secondary,Salaried,285774.0,136322,Education,600.0,1,58,71.03,2019-07-22,1
1289,37.0,Male,North,Graduate,Salaried,262021.0,206240,Car,602.0,0,95,60.26,2019-09-20,1
1290,21.0,Female,North,Secondary,Self-Employed,329887.0,142053,Education,682.0,2,97,62.22,2021-07-30,0
1291,34.0,Male,North,Secondary,Self-Employed,678108.0,357944,Education,776.0,4,84,38.53,2023-05-11,1
1292,36.0,Male,North,Graduate,Unemployed,1568722.0,437718,Home,801.0,6,87,57.5,2019-05-24,1
1293,22.0,Female,North,Post-Graduate,Self-Employed,1759757.0,955631,Car,,2,99,29.77,2022-03-11,0
1294,53.0,Male,South,Post-Graduate,Salaried,347595.0,139187,Business,656.0,4,78,41.35,2020-11-14,1
1295,39.0,Male,West,Primary,Salaried,,96220,Car,683.0,6,33,66.86,2023-04-04,1
1296,49.0,Male,West,Graduate,Salaried,,75991,Car,817.0,1,36,26.19,2022-06-18,0
1297,,Female,East,Post-Graduate,Salaried,852755.0,347851,Business,803.0,2,29,51.01,2020-10-21,0
1298,55.0,Male,East,Primary,Self-Employed,1383765.0,771055,Business,818.0,5,39,37.84,2021-05-15,1
1299,40.0,Female,West,Secondary,Self-Employed,1540829.0,958819,Home,733.0,1,92,62.4,2022-08-15,0
1300,26.0,Male,East,Primary,Self-Employed,1801948.0,486957,Home,816.0,6,78,64.19,2018-10-11,1
1301,41.0,Female,South,Graduate,Self-Employed,1041708.0,217963,Business,,0,55,76.38,2019-11-08,0
1302,30.0,Female,North,Primary,Salaried,617567.0,369920,Business,673.0,5,69,25.56,2019-08-12,1
1303,,Male,North,Graduate,Salaried,1579932.0,731557,Education,746.0,0,62,58.26,2022-01-05,0
1304,40.0,Female,South,Secondary,Unemployed,1118638.0,232953,Business,662.0,5,88,24.63,2019-04-24,1
1305,54.0,Female,West,Graduate,Self-Employed,1430137.0,796417,Home,,1,57,43.0,2021-01-24,0
1306,,Female,West,Post-Graduate,Salaried,562441.0,197987,Education,690.0,2,92,32.37,2020-01-13,0
1307,45.0,Female,South,Secondary,,1660049.0,784551,Education,788.0,2,79,70.02,2022-02-19,0
1308,56.0,Male,North,Post-Graduate,Self-Employed,355489.0,238553,Home,785.0,3,26,23.37,2023-02-09,0
1309,,Male,South,Post-Graduate,Self-Employed,213261.0,94957,Home,701.0,4,24,67.19,2019-06-28,1
1310,48.0,Female,East,Post-Graduate,Unemployed,525203.0,358979,Business,728.0,3,46,50.9,2021-11-23,0
1311,43.0,Female,South,Post-Graduate,Salaried,531607.0,204497,Car,631.0,4,55,57.93,2022-07-01,1
1312,59.0,Male,West,Primary,,217413.0,109115,Business,749.0,4,61,73.06,2021-09-27,1
1313,32.0,Female,South,Graduate,Self-Employed,1038357.0,493752,Home,686.0,5,42,45.78,2020-11-18,1
1314,41.0,Female,East,Graduate,Self-Employed,1187797.0,483597,Car,725.0,1,97,27.29,2021-01-29,0
1315,56.0,Male,West,Post-Graduate,Salaried,693814.0,250161,Business,717.0,3,43,56.98,2022-09-08,0
1316,29.0,Male,North,Primary,Self-Employed,804489.0,524652,Education,756.0,2,32,72.23,2019-04-21,0
1317,54.0,,South,Primary,Self-Employed,622132.0,250298,Business,,0,90,26.86,2022-02-14,0
1318,46.0,Male,East,Primary,Self-Employed,1601652.0,907819,Car,770.0,4,22,53.64,2022-09-09,1
1319,52.0,Female,North,Post-Graduate,Self-Employed,242056.0,169843,Education,848.0,0,70,37.13,2023-01-22,0
1320,27.0,Male,East,Graduate,Unemployed,1212140.0,252150,Home,773.0,1,70,36.85,2018-08-05,0
1321,22.0,Female,South,Graduate,Salaried,1304056.0,924258,Education,715.0,4,85,50.8,2020-07-15,1
1322,35.0,,West,Secondary,Salaried,620162.0,254460,Home,663.0,6,81,42.47,2023-05-05,1
1323,31.0,Female,South,Primary,Salaried,1841706.0,1299130,Business,736.0,3,80,26.22,2020-04-27,0
1324,45.0,Male,East,Graduate,Self-Employed,531119.0,362117,Business,657.0,2,83,62.79,2019-03-24,1
1325,27.0,Male,South,Secondary,Salaried,308944.0,174011,Car,620.0,3,81,29.39,2021-08-01,1
1326,33.0,Male,West,Graduate,Self-Employed,1549432.0,509681,Education,693.0,1,63,64.75,2020-12-03,0
1327,36.0,Female,East,Graduate,Salaried,430233.0,333473,Business,712.0,5,86,76.34,2019-05-09,1
1328,50.0,Female,South,Primary,Unemployed,1162452.0,385038,Car,699.0,1,72,68.9,2021-01-08,0
1329,24.0,,North,Post-Graduate,Self-Employed,1166649.0,491168,Home,627.0,4,82,35.84,2020-05-15,1
1330,41.0,Female,East,Secondary,Self-Employed,1102957.0,434362,Home,655.0,6,48,46.19,2020-08-22,1
1331,33.0,Female,North,Post-Graduate,Salaried,381429.0,297651,Education,,2,80,64.89,2022-07-22,0
1332,52.0,Male,South,Post-Graduate,Self-Employed,1752734.0,782972,Education,,2,78,70.95,2018-03-24,0
1333,31.0,Male,West,Graduate,Salaried,706453.0,465278,Home,713.0,3,51,27.96,2023-03-28,0
1334,,Male,South,Secondary,Self-Employed,1849176.0,1078057,Home,618.0,1,80,43.35,2020-06-09,1
1335,40.0,Female,North,Graduate,Salaried,1884449.0,973518,Home,658.0,4,31,49.65,2023-06-12,1
1336,,Female,West,Graduate,,1541628.0,935026,Car,809.0,2,40,57.9,2019-12-13,0
1337,43.0,Female,West,Post-Graduate,Self-Employed,1857289.0,1204779,Business,670.0,6,95,22.54,2021-12-26,1
1338,37.0,Male,West,Secondary,Salaried,1462703.0,442994,Business,806.0,5,39,77.66,2019-12-02,1
1339,23.0,,West,Primary,Unemployed,316545.0,115921,Home,635.0,2,91,25.69,2018-01-08,1
1340,42.0,Male,North,Post-Graduate,Salaried,822288.0,599105,Education,743.0,2,26,50.09,2019-01-17,0
1341,47.0,Male,South,Secondary,Unemployed,919778.0,303284,Car,808.0,6,76,47.9,2022-02-19,1
1342,51.0,Male,West,Primary,Salaried,,390912,Car,616.0,5,48,25.11,2018-09-19,1
1343,31.0,Male,South,Post-Graduate,Salaried,1667130.0,602062,Business,737.0,6,22,79.12,2019-02-01,1
1344,28.0,Male,North,Secondary,Self-Employed,552365.0,183288,Education,655.0,6,47,41.32,2019-02-08,1
1345,33.0,Male,West,Primary,Unemployed,1746175.0,1383036,Business,719.0,1,50,38.15,2023-06-05,0
1346,48.0,Male,North,Secondary,Self-Employed,1413705.0,404951,Home,698.0,3,81,72.52,2019-05-22,0
1347,21.0,Male,North,Secondary,Unemployed,1652137.0,691065,Car,621.0,1,95,66.62,2018-05-29,1
1348,35.0,Male,North,Graduate,Salaried,,81379,Education,817.0,1,96,64.5,2021-12-28,0
1349,32.0,Female,North,Secondary,Salaried,1924463.0,763896,Education,795.0,5,32,73.39,2018-03-18,1
1350,57.0,Female,West,Primary,Self-Employed,1119134.0,875320,Education,671.0,2,82,54.25,2019-07-05,1
1351,48.0,Female,South,Graduate,Self-Employed,1517621.0,563681,Education,,5,76,67.14,2022-05-19,1
1352,52.0,Male,West,Graduate,Salaried,819696.0,445860,Car,668.0,0,60,35.16,2020-12-10,1
1353,41.0,Male,North,Graduate,Salaried,909132.0,509267,Education,776.0,4,73,35.92,2020-10-15,1
1354,21.0,Male,East,Primary,Self-Employed,,417894,Business,773.0,2,78,55.4,2021-10-29,0
1355,57.0,Female,East,Primary,Salaried,931893.0,520132,Education,,1,32,60.46,2021-09-07,0
1356,50.0,Male,East,Post-Graduate,Self-Employed,1845171.0,887523,Education,707.0,6,71,36.71,2019-01-03,1
1357,29.0,Male,East,Secondary,Salaried,1524129.0,612096,Home,739.0,5,76,31.35,2019-08-19,1
1358,47.0,Male,East,Primary,Unemployed,216061.0,116906,Education,694.0,1,59,75.75,2020-11-26,0
1359,26.0,Male,South,Primary,Self-Employed,1581173.0,584529,Home,714.0,0,40,77.69,2021-06-04,0
1360,39.0,Female,East,Secondary,Self-Employed,1983991.0,1406382,Home,718.0,3,87,41.02,2021-11-08,0
1361,,Male,West,Post-Graduate,Self-Employed,1022376.0,471710,Car,682.0,2,75,46.57,2018-05-01,0
1362,21.0,,North,Graduate,Self-Employed,,285889,Home,731.0,2,28,34.4,2019-02-23,0
1363,32.0,Male,East,Post-Graduate,Self-Employed,830270.0,288929,Home,717.0,1,39,65.23,2018-03-03,0
1364,30.0,Male,North,Secondary,Salaried,744026.0,151875,Education,803.0,3,45,63.03,2019-09-05,0
1365,43.0,Female,East,Post-Graduate,,1924502.0,508519,Business,845.0,5,22,40.53,2018-05-19,1
1366,45.0,Female,West,Graduate,Salaried,1080096.0,658093,Education,849.0,3,98,46.03,2020-08-22,0
1367,41.0,Male,South,Post-Graduate,Salaried,1605802.0,1027392,Education,795.0,4,42,61.98,2019-12-20,1
1368,30.0,Male,East,Post-Graduate,Unemployed,1056636.0,273924,Education,780.0,2,88,24.03,2021-09-07,0
1369,22.0,Male,South,Primary,Self-Employed,480539.0,347845,Business,804.0,6,83,76.3,2019-06-21,1
1370,,Male,East,Primary,,550164.0,157669,Business,630.0,3,20,47.48,2020-02-02,1
1371,57.0,Male,West,Graduate,Self-Employed,1583093.0,1024431,Education,621.0,4,99,41.75,2023-01-02,1
1372,37.0,Male,South,Post-Graduate,Salaried,1851536.0,1384459,Car,762.0,6,91,68.5,2019-08-30,1
1373,47.0,Male,North,Primary,Salaried,864635.0,657338,Home,648.0,1,45,76.23,2019-02-26,1
1374,46.0,Male,North,Primary,Self-Employed,537283.0,337871,Home,612.0,3,34,56.77,2018-08-25,1
1375,55.0,Male,North,Primary,Self-Employed,,191355,Home,703.0,4,36,73.96,2018-03-26,1
1376,21.0,Female,East,Primary,Self-Employed,995775.0,241042,Education,838.0,2,99,69.64,2022-02-06,0
1377,24.0,Male,South,Post-Graduate,Unemployed,1917534.0,749021,Education,614.0,0,64,70.19,2018-09-16,1
1378,,,East,Secondary,Self-Employed,436495.0,284349,Business,745.0,4,58,63.89,2018-08-11,1
1379,43.0,Female,East,Graduate,Unemployed,841517.0,556139,Business,605.0,1,34,49.04,2018-12-21,1
1380,52.0,,West,Post-Graduate,Salaried,534199.0,194020,Education,738.0,3,82,43.71,2019-12-10,0
1381,39.0,Female,North,Primary,Unemployed,545280.0,365326,Home,610.0,1,22,79.86,2020-09-17,1
1382,32.0,Female,North,Secondary,Salaried,428584.0,102609,Education,724.0,6,49,66.58,2023-06-08,1
1383,54.0,Male,East,Post-Graduate,Self-Employed,266253.0,163544,Home,693.0,0,44,59.7,2021-05-12,0
1384,54.0,Male,West,Secondary,Unemployed,,408902,Car,808.0,1,95,22.16,2018-05-15,0
1385,38.0,Male,North,Primary,Self-Employed,1561425.0,997273,Business,743.0,3,66,34.87,2021-08-07,0
1386,32.0,Female,North,Graduate,Salaried,1755929.0,1098620,Car,,6,65,31.67,2021-04-18,1
1387,32.0,Male,West,Post-Graduate,Salaried,937744.0,647402,Home,668.0,3,47,23.03,2018-06-13,1
1388,32.0,Male,South,Graduate,Salaried,1053062.0,521814,Business,636.0,6,66,51.8,2021-11-14,1
1389,39.0,Male,South,Primary,Salaried,879222.0,254578,Car,669.0,1,41,27.53,2022-03-07,1
1390,38.0,Male,North,Post-Graduate,Salaried,1859350.0,646890,Car,717.0,5,71,73.74,2019-11-26,1
1391,56.0,Male,West,Secondary,Self-Employed,706995.0,491813,Education,608.0,1,24,29.38,2019-09-07,1
1392,31.0,Female,West,Primary,Salaried,951393.0,444031,Business,,2,50,59.57,2020-05-29,0
1393,41.0,Male,East,Secondary,Self-Employed,1270913.0,594615,Car,793.0,0,35,58.69,2022-03-20,0
1394,,Female,West,Post-Graduate,Unemployed,364726.0,204945,Business,710.0,6,94,79.52,2021-04-23,1
1395,21.0,Female,East,Secondary,Self-Employed,1999785.0,523354,Business,753.0,1,62,77.83,2021-05-31,0
1396,23.0,Female,South,Post-Graduate,Self-Employed,727297.0,147817,Business,781.0,5,47,66.11,2022-06-07,1
1397,30.0,Male,East,Post-Graduate,Self-Employed,234152.0,82104,Education,845.0,5,76,70.97,2021-08-21,1
1398,47.0,Male,West,Secondary,Self-Employed,838273.0,231222,Education,689.0,0,67,21.67,2018-12-26,0
1399,22.0,Female,East,Graduate,Salaried,344282.0,235253,Education,793.0,3,47,29.95,2018-06-16,0
1400,59.0,Male,East,Primary,Salaried,1600465.0,1088514,Business,657.0,5,55,79.49,2021-10-14,1
1401,42.0,Female,South,Primary,,1054744.0,740977,Home,,2,42,20.07,2019-04-22,0
1402,36.0,Female,South,Post-Graduate,Self-Employed,1057549.0,238458,Car,739.0,4,33,27.64,2020-11-23,1
1403,52.0,,North,Post-Graduate,Self-Employed,1806241.0,1330403,Car,686.0,2,97,27.09,2022-02-01,0
1404,53.0,Male,North,Primary,Self-Employed,1352109.0,708748,Home,767.0,3,54,73.93,2019-08-19,0
1405,49.0,Female,East,Post-Graduate,Salaried,,134698,Education,688.0,0,63,25.8,2019-12-08,0
1406,31.0,,West,Graduate,Self-Employed,1262965.0,1007014,Car,645.0,6,77,48.59,2018-10-19,1
1407,21.0,Female,South,Graduate,Self-Employed,1480028.0,619839,Car,787.0,2,95,54.36,2019-03-13,0
1408,40.0,Female,South,Secondary,Self-Employed,1354149.0,904854,Car,740.0,5,71,49.52,2018-08-13,1
1409,42.0,Male,West,Secondary,Self-Employed,741529.0,361194,Home,642.0,0,39,59.11,2019-05-29,1
1410,,Female,North,Post-Graduate,Salaried,1233994.0,853973,Car,637.0,2,83,43.95,2022-10-19,1
1411,58.0,Male,East,Graduate,,1654407.0,1055731,Business,719.0,6,80,79.79,2023-05-14,1
1412,32.0,Female,South,Post-Graduate,Salaried,1086388.0,694672,Home,807.0,0,73,39.88,2018-11-28,0
1413,24.0,Female,South,Graduate,Self-Employed,931658.0,494042,Business,772.0,3,76,42.67,2020-12-15,0
1414,49.0,Female,South,Primary,Salaried,1863773.0,491667,Education,837.0,4,64,26.91,2023-04-05,1
1415,45.0,Male,West,Primary,Self-Employed,796543.0,349020,Car,663.0,1,26,58.93,2022-10-07,1
1416,38.0,Male,South,Graduate,Salaried,1729327.0,762420,Education,651.0,3,72,60.54,2021-07-09,1
1417,24.0,Male,West,Post-Graduate,Salaried,715584.0,299248,Home,788.0,4,43,68.18,2023-05-14,1
1418,47.0,Male,West,Primary,Salaried,1708764.0,497023,Car,786.0,4,36,51.42,2021-02-01,1
1419,46.0,Female,South,Post-Graduate,Salaried,496213.0,286838,Home,821.0,1,72,31.71,2018-08-24,0
1420,21.0,,South,Post-Graduate,Salaried,599749.0,134446,Home,685.0,1,49,60.34,2019-04-06,0
1421,53.0,Female,North,Secondary,Self-Employed,,361700,Home,675.0,0,81,41.09,2022-03-24,1
1422,22.0,Male,South,Secondary,Salaried,1660482.0,789723,Home,765.0,0,78,31.81,2018-05-16,0
1423,31.0,Female,East,Graduate,Salaried,1221911.0,849911,Home,733.0,6,76,20.87,2023-03-01,1
1424,36.0,Male,East,Post-Graduate,Self-Employed,933362.0,506782,Car,772.0,4,88,65.82,2022-05-12,1
1425,52.0,Female,South,Graduate,Salaried,1617158.0,481945,Home,682.0,4,98,55.88,2022-07-09,1
1426,32.0,Female,South,Primary,Self-Employed,681799.0,195809,Home,731.0,2,64,53.2,2020-01-26,0
1427,36.0,Female,West,Post-Graduate,Self-Employed,1567372.0,1176353,Education,670.0,0,41,52.48,2019-03-25,1
1428,57.0,Male,North,Post-Graduate,Self-Employed,959495.0,236335,Car,,3,45,65.41,2021-03-12,0
1429,34.0,Male,East,Secondary,,1197358.0,273217,Business,789.0,5,47,24.61,2022-07-14,1
1430,48.0,Male,North,Graduate,Self-Employed,1934887.0,1059875,Home,667.0,1,86,78.07,2020-10-12,1
1431,26.0,Male,South,Graduate,Salaried,662092.0,152668,Car,681.0,1,93,52.82,2019-03-02,0
1432,32.0,Male,North,Secondary,Salaried,1055754.0,416973,Car,625.0,5,64,33.48,2022-04-23,1
1433,21.0,,East,Secondary,Salaried,1616693.0,1109505,Car,819.0,2,52,69.96,2018-01-24,0
1434,57.0,Male,South,Primary,Self-Employed,1267599.0,724009,Business,653.0,3,54,43.76,2019-06-02,1
1435,28.0,,East,Post-Graduate,Unemployed,1504295.0,670089,Home,733.0,6,62,62.04,2021-06-05,1
1436,52.0,Female,South,Post-Graduate,Self-Employed,1595936.0,509563,Home,690.0,1,66,21.51,2018-08-12,0
1437,27.0,Female,South,Post-Graduate,Salaried,753608.0,337195,Business,620.0,4,96,46.43,2020-06-18,1
1438,40.0,Male,East,Post-Graduate,Self-Employed,354536.0,138774,Business,640.0,0,57,25.48,2022-06-22,1
1439,31.0,,North,Primary,Salaried,1724960.0,992557,Car,840.0,4,54,73.79,2021-11-24,1
1440,56.0,Female,South,Post-Graduate,Salaried,1071905.0,598302,Education,746.0,0,35,37.74,2021-07-08,0
1441,29.0,Male,East,Post-Graduate,Salaried,1928235.0,830759,Education,688.0,5,40,45.59,2020-01-05,1
1442,52.0,Male,South,Graduate,Self-Employed,1102153.0,361943,Car,787.0,4,92,56.29,2021-03-04,1
1443,24.0,Female,South,Post-Graduate,Self-Employed,783043.0,312957,Home,720.0,6,24,53.88,2018-06-06,1
1444,38.0,Female,West,Primary,Salaried,535468.0,199372,Business,607.0,6,28,28.26,2019-02-02,1
1445,31.0,Male,West,Post-Graduate,Unemployed,450231.0,186369,Car,847.0,6,21,60.83,2018-12-29,1
1446,43.0,Female,East,Secondary,Salaried,1047516.0,700929,Education,846.0,6,69,39.71,2021-12-13,1
1447,37.0,,North,Primary,Self-Employed,987163.0,496220,Education,785.0,2,83,58.16,2020-10-04,0
1448,42.0,Male,East,Primary,Salaried,990671.0,688641,Home,614.0,6,54,70.77,2020-04-28,1
1449,,Male,West,Primary,Salaried,1987023.0,527372,Car,671.0,3,61,52.76,2019-07-21,1
1450,33.0,Female,East,Graduate,Salaried,1048389.0,804129,Business,628.0,6,65,58.74,2019-06-28,1
1451,46.0,Male,North,Post-Graduate,Salaried,1786250.0,504401,Home,689.0,5,75,34.14,2020-03-11,1
1452,28.0,Male,North,Post-Graduate,Self-Employed,295558.0,184139,Business,790.0,5,87,57.5,2020-07-13,1
1453,23.0,Male,West,Primary,Self-Employed,1823770.0,461215,Home,686.0,2,61,52.93,2021-08-29,0
1454,56.0,Male,East,Secondary,Self-Employed,604911.0,422069,Car,,2,33,60.26,2018-07-28,0
1455,51.0,Male,South,Secondary,Salaried,1025169.0,750247,Car,678.0,2,34,71.75,2019-12-22,1
1456,28.0,Female,South,Primary,Unemployed,,453359,Education,,4,20,23.37,2022-06-07,1
1457,35.0,Male,East,Graduate,Self-Employed,1210165.0,266188,Education,791.0,5,33,78.96,2020-03-24,1
1458,22.0,Female,West,Graduate,Self-Employed,657820.0,293667,Home,621.0,1,62,47.48,2018-08-12,1
1459,,Female,East,Post-Graduate,Self-Employed,,400532,Business,,2,56,32.25,2018-03-06,0
1460,25.0,Male,South,Primary,Self-Employed,1419925.0,916384,Home,782.0,2,37,63.37,2021-01-21,0
1461,53.0,Male,West,Post-Graduate,Salaried,1272410.0,728834,Car,627.0,6,79,79.66,2019-01-20,1
1462,36.0,Female,South,Graduate,Salaried,853936.0,581907,Education,804.0,2,58,68.9,2022-11-30,0
1463,37.0,Female,East,Post-Graduate,Salaried,1120313.0,249402,Car,670.0,1,26,65.27,2019-09-11,1
1464,42.0,Female,West,Primary,Salaried,755889.0,471541,Home,677.0,6,95,77.24,2021-08-16,1
1465,26.0,Female,North,Post-Graduate,Salaried,,299200,Business,623.0,6,82,23.69,2023-02-21,1
1466,55.0,Male,North,Graduate,,1267133.0,504437,Car,697.0,5,37,37.86,2018-09-13,1
1467,37.0,Female,East,Post-Graduate,Unemployed,1403639.0,815435,Car,746.0,1,54,65.65,2023-05-20,0
1468,21.0,Female,West,Graduate,Salaried,1789426.0,1150114,Home,615.0,4,73,20.79,2020-09-01,1
1469,36.0,Female,South,Secondary,Self-Employed,1149520.0,842500,Education,771.0,3,98,72.7,2020-08-12,0
1470,24.0,Male,West,Secondary,Self-Employed,1281345.0,494836,Education,828.0,5,51,44.67,2018-08-21,1
1471,21.0,Female,East,Graduate,Salaried,1961169.0,611054,Car,622.0,6,98,77.22,2018-10-27,1
1472,46.0,Female,West,Graduate,Unemployed,,418444,Business,729.0,0,99,78.88,2018-04-28,0
1473,36.0,Male,South,Graduate,Self-Employed,722070.0,339495,Business,,2,77,57.53,2022-07-25,0
1474,,Female,South,Primary,Self-Employed,283123.0,117092,Car,670.0,5,40,42.93,2021-08-18,1
1475,37.0,,West,Post-Graduate,Self-Employed,,419359,Car,640.0,5,46,62.76,2018-06-06,1
1476,22.0,Female,East,Primary,Self-Employed,744344.0,160189,Home,790.0,2,93,63.52,2020-01-17,0
1477,58.0,Female,South,Secondary,Salaried,319392.0,238424,Education,729.0,3,81,68.74,2019-08-12,0
1478,,Male,North,Secondary,,1179111.0,405769,Car,745.0,1,36,31.73,2021-12-01,0
1479,,Male,West,Primary,Salaried,449264.0,90887,Car,747.0,6,28,38.84,2023-03-12,1
1480,47.0,Male,North,Graduate,Self-Employed,1328371.0,816748,Home,,1,72,31.42,2020-05-03,0
1481,,Female,West,Secondary,Self-Employed,1416688.0,899691,Home,648.0,2,91,67.64,2022-02-11,1
1482,27.0,Female,West,Primary,Salaried,1042549.0,240576,Home,609.0,1,91,64.94,2022-07-24,1
1483,48.0,Female,West,Graduate,Self-Employed,1815181.0,585284,Home,798.0,0,64,42.83,2021-01-14,0
1484,,Female,South,Post-Graduate,,1691341.0,642373,Car,817.0,4,97,35.13,2018-12-30,1
1485,54.0,Female,West,Primary,Self-Employed,505063.0,397166,Car,678.0,0,67,53.04,2018-03-25,1
1486,40.0,,North,Primary,Self-Employed,982119.0,771205,Home,615.0,3,25,49.84,2019-05-03,1
1487,56.0,Male,South,Post-Graduate,Unemployed,820253.0,258413,Home,823.0,5,46,71.08,2022-06-11,1
1488,57.0,Female,East,Graduate,Salaried,933375.0,601019,Home,780.0,6,22,31.79,2020-05-20,1
1489,37.0,Female,North,Graduate,Unemployed,1203941.0,722552,Education,634.0,6,33,61.77,2023-04-05,1
1490,58.0,Male,West,Secondary,Salaried,245689.0,165873,Business,822.0,3,23,30.48,2022-09-11,0
1491,54.0,Female,East,Post-Graduate,,595460.0,162470,Home,673.0,4,70,49.23,2018-08-04,1
1492,32.0,Female,South,Graduate,Salaried,1358452.0,934463,Car,711.0,4,95,50.4,2021-08-14,1
1493,41.0,Male,North,Secondary,Salaried,,275414,Car,736.0,5,57,22.2,2021-06-30,1
1494,42.0,,North,Primary,Salaried,545744.0,129812,Car,650.0,4,89,56.85,2023-04-25,1
1495,59.0,Male,East,Post-Graduate,Salaried,1073272.0,759233,Business,641.0,5,71,42.68,2019-05-10,1
1496,46.0,Female,East,Post-Graduate,Self-Employed,839207.0,227243,Car,663.0,0,21,35.74,2021-01-19,1
1497,53.0,Female,West,Secondary,Unemployed,223548.0,89297,Home,687.0,5,63,33.88,2022-01-01,1
1498,43.0,,South,Primary,,1595875.0,591686,Business,688.0,2,38,32.09,2021-11-05,0
1499,36.0,,North,Secondary,Salaried,1414343.0,747331,Education,753.0,4,48,33.22,2022-12-29,1
1500,,Female,West,Secondary,Self-Employed,1558308.0,386193,Car,828.0,1,95,27.57,2019-02-08,0
